Username,Password,userType
SzilardSandor703,Floffy-2007,customer
JaneBennett_251,JoeBenkight?32,staff
RobenSparta470,RobSparta45!,customer
JamesSanram_483,Sanramhos2,staff
CalebBen-Ramsey-170,CalebDogs1974!,admin
SarahSendra-678,Sarsen74^,admin
RebeccaBen-Ramsey_112,RubyCats1982!,admin
OliverSmith001,OliveR!102,customer
AmeliaJones002,AmeJ#449,customer
HarryBrown003,HbrowN*66,customer
IslaTaylor004,Isla_T55!,customer
JackWilson005,JWpass!72,customer
EmilyEvans006,Evans!Emily88,customer
GeorgeThomas007,Gthomas##1,customer
AvaRoberts008,AvaR*203,customer
CharlieJohnson009,CharJ!98,customer
SophiaWalker010,SophWalk22!,customer
NoahWright011,NWright*71,customer
GraceHill012,GraceHill!4,customer
LeoGreen013,GreenLeo88!,customer
MiaAdams014,MiaA@777,customer
OscarBaker015,OscBaker!54,customer
EllaGonzalez016,EllaG!100,customer
ArthurNelson017,ArtNel#902,customer
LilyCarter018,LilyCar!19,customer
FreddieMitchell019,FMitchell!!1,customer
EviePerez020,EviePerez33!,customer
TheoTurner021,TheoT!234,customer
RubyPhillips022,RubyP##88,customer
HenryCampbell023,Hcamp!222,customer
ChloeParker024,Chloe!Park44,customer
LucasEdwards025,LucaE@303,customer
FreyaCollins026,FreyaColl!9,customer
ThomasStewart027,TomStew#18,customer
JessicaSanchez028,JessS!723,customer
LoganMorris029,LogMorris!4,customer
SophieRogers030,SophieR@55,customer
DanielReed031,DanReed!11,customer
HannahCook032,HannahCook!7,customer
MatthewMorgan033,MattMorg#19,customer
ZoeBell034,ZoeBell!90,customer
SebastianMurphy035,SebMurph!12,customer
LucyBailey036,LucyB!33,customer
DavidRivera037,DavidR!72,customer
AnnaCooper038,AnnaCoo!41,customer
JosephRichardson039,JoeRich!92,customer
MeganCox040,MeganC!12,customer
RyanHoward041,RyanHow!88,customer
LeahWard042,LeahWard!2,customer
AaronTorres043,AaronT!91,customer
GeorgiaPeterson044,GeoPet!71,customer
AdamGray045,AdamGray!6,customer
PoppyRamirez046,PoppyR!44,customer
NathanJames047,NateJ!72,customer
AliceWatson048,AliceW!11,customer
KyleBrooks049,KyleB!21,customer
ScarlettKelly050,ScarK!76,customer
LiamTurner054,LiamT!54,customer
OliviaHall055,OliviaH!55,customer
EthanAllen056,EthaN#56,customer
SophieYoung057,SophY!57,customer
JacobHernandez058,JacobH!58,customer
AvaKing059,AvaK!59,customer
WilliamScott060,WillS!60,customer
EmilyGreen061,EmilyG!61,customer
JamesBaker062,JamesB!62,customer
IsabellaCarter063,IsaC!63,customer
BenjaminMurphy064,BenM!64,customer
MiaRogers065,MiaR!65,customer
LucasGray066,LucasG!66,customer
CharlottePrice067,CharP!67,customer
HenryBell068,HenryB!68,customer
AmeliaCooper069,AmelC!69,customer
AlexanderRussell070,AlexR!70,customer
GraceWood071,GraceW!71,customer
DanielBennett072,DanB!72,customer
EllaFoster073,EllaF!73,customer
MatthewPowell074,MattP!74,customer
HarperLong075,HarpL!75,customer
JosephPatterson076,JoeP!76,customer
AbigailHughes077,AbiH!77,customer
DavidSimmons078,DavidS!78,customer
LilyBryant079,LilyB!79,customer
SamuelGriffin080,SamG!80,customer
HannahHayes081,HannH!81,customer
AndrewStone082,AndyS!82,customer
VictoriaArnold083,VicA!83,customer
JoshuaReid084,JoshR!84,customer
NatalieFranklin085,NatF!85,customer
ChristopherWalsh086,ChrisW!86,customer
ZoeMatthews087,ZoeM!87,customer
NathanReeves088,NateR!88,customer
LucyWebb089,LucyW!89,customer
AaronPorter090,AaronP!90,customer
MeganShaw091,MeganS!91,customer
TylerWatts092,TylerW!92,customer
RubyHart093,RubyH!93,customer
CalebDean094,CalebD!94,customer
LaylaBishop095,LaylaB!95,customer
DylanFleming096,DylanF!96,customer
MichaelTurner_611,MikeTurn!88,staff
SophieCarter_882,SophCart#12,staff
DanielHughes_944,DanHugh!44,staff
EmmaRobinson_334,EmmaRob!19,staff
OliverBailey_412,OBailey!77,staff
AmeliaPrice_821,AmePrice#45,staff
SamEdwards_622,SamEdwards!20,staff
ChloeWatson_274,ChloeWat!55,staff
JackMorris_905,JackMor!88,staff
GraceHill_518,GraceHill!31,staff
EthanClark_310,EthanCl!76,staff
IsabellaReed_742,IsaReed#90,staff
NoahWard_665,NoahWard!61,staff
MiaCooper_118,MiaCoop!44,staff
LucasPowell_777,LucasPow!92,staff
AvaLong_559,AvaLong!23,staff
HenryFoster_681,HenFos!17,staff
LilyBrooks_209,LilyBro!88,staff
BenjaminGray_498,BenGray!54,staff
EllaKnight_362,EllaKni!61,staff
